model,hint,accuracy,ci_low,ci_high,n_samples_total,n_samples_eligible,n_rollouts_eligible,n_short_rollout_samples,eci
Qwen3-0.6B,0.0,0.2739851196162707,0.2542918454935622,0.2929184549356223,932,932,20688,0,111.74174185357096
Qwen3-0.6B,0.1,0.2757339106613263,0.25533798283261805,0.29721030042918456,932,932,22282,0,111.74174185357096
Qwen3-0.6B,0.2,0.30519500976721253,0.2843347639484979,0.3261802575107296,932,932,24290,0,111.74174185357096
Qwen3-0.6B,0.3,0.33425436952789067,0.3111587982832618,0.3572961373390558,932,932,22125,0,111.74174185357096
Qwen3-0.6B,0.4,0.30064377682403437,0.2778969957081545,0.3218884120171674,932,932,9320,0,111.74174185357096
Qwen3-0.6B,0.5,0.4317135685767694,0.4066255364806867,0.4581545064377682,932,932,30541,0,111.74174185357096
Qwen3-0.6B,0.6,0.5054721030042919,0.47958690987124464,0.5311427038626609,932,932,9320,0,111.74174185357096
Qwen3-0.6B,0.7,0.498175965665236,0.4731491416309013,0.523631974248927,932,932,9320,0,111.74174185357096
Qwen3-0.6B,0.8,0.5752145922746781,0.5493562231759657,0.601931330472103,932,932,9320,0,111.74174185357096
Qwen3-0.6B,0.9,0.6598712446351931,0.6362660944206009,0.6824034334763949,932,932,9320,0,111.74174185357096
Qwen3-0.6B,1.0,0.7648068669527898,0.7435354077253219,0.7875536480686696,932,932,9320,0,111.74174185357096
Qwen2.5-1.5B-Instruct,0.0,0.026609442060085836,0.018240343347639486,0.03540772532188841,932,932,9320,0,111.83791177826475
Qwen2.5-1.5B-Instruct,0.1,0.03937768240343348,0.028969957081545063,0.05042918454935622,932,932,9320,0,111.83791177826475
Qwen2.5-1.5B-Instruct,0.2,0.05847639484978541,0.046137339055793994,0.07081545064377683,932,932,9320,0,111.83791177826475
Qwen2.5-1.5B-Instruct,0.3,0.08669527896995709,0.07081545064377683,0.10300429184549356,932,932,9320,0,111.83791177826475
Qwen2.5-1.5B-Instruct,0.4,0.13637339055793993,0.11695278969957082,0.157725321888412,932,932,9320,0,111.83791177826475
Qwen2.5-1.5B-Instruct,0.5,0.20021459227467814,0.1781115879828326,0.22317596566523606,932,932,9320,0,111.83791177826475
Qwen2.5-1.5B-Instruct,0.6,0.2929184549356223,0.26609442060085836,0.3186695278969957,932,932,9320,0,111.83791177826475
Qwen2.5-1.5B-Instruct,0.7,0.3920600858369098,0.361587982832618,0.42062768240343346,932,932,9320,0,111.83791177826475
Qwen2.5-1.5B-Instruct,0.8,0.5101931330472103,0.4817328326180258,0.5386266094420601,932,932,9320,0,111.83791177826475
Qwen2.5-1.5B-Instruct,0.9,0.6492489270386267,0.621244635193133,0.6749195278969957,932,932,9320,0,111.83791177826475
Qwen2.5-1.5B-Instruct,1.0,0.8532188841201718,0.8336641630901288,0.871244635193133,932,932,9320,0,111.83791177826475
gemma-3-4b-it,0.0,0.20021459227467814,0.18562231759656653,0.2167381974248927,932,932,9320,0,114.391591602579
gemma-3-4b-it,0.1,0.19281115879828326,0.1770118025751073,0.2092274678111588,932,932,9320,0,114.391591602579
gemma-3-4b-it,0.2,0.21834763948497854,0.20064377682403434,0.2349785407725322,932,932,9320,0,114.391591602579
gemma-3-4b-it,0.3,0.2511802575107296,0.23283261802575106,0.2703862660944206,932,932,9320,0,114.391591602579
gemma-3-4b-it,0.4,0.2868025751072962,0.26824034334763946,0.30686695278969955,932,932,9320,0,114.391591602579
gemma-3-4b-it,0.5,0.3286480686695279,0.30793991416309013,0.35085836909871243,932,932,9320,0,114.391591602579
gemma-3-4b-it,0.6,0.38454935622317593,0.36373390557939916,0.4055793991416309,932,932,9320,0,114.391591602579
gemma-3-4b-it,0.7,0.4491384428366633,0.4248927038626609,0.4753487124463519,932,932,9561,0,114.391591602579
gemma-3-4b-it,0.8,0.5177531517123791,0.4924892703862661,0.5429184549356223,932,932,9350,0,114.391591602579
gemma-3-4b-it,0.9,0.6061158798283263,0.5826180257510729,0.6298283261802575,932,932,9320,0,114.391591602579
gemma-3-4b-it,1.0,0.7313304721030043,0.7081545064377682,0.7553648068669528,932,932,9320,0,114.391591602579
Qwen2.5-3B-Instruct,0.0,0.10718884120171675,0.09332081545064377,0.12017167381974249,932,932,9320,0,116.85049174113271
Qwen2.5-3B-Instruct,0.1,0.11963519313304721,0.10407725321888411,0.1351931330472103,932,932,9320,0,116.85049174113271
Qwen2.5-3B-Instruct,0.2,0.15214592274678113,0.13412017167381973,0.16952789699570817,932,932,9320,0,116.85049174113271
Qwen2.5-3B-Instruct,0.3,0.1849785407725322,0.16630901287553648,0.20386266094420602,932,932,9320,0,116.85049174113271
Qwen2.5-3B-Instruct,0.4,0.22435622317596568,0.20386266094420602,0.24570815450643776,932,932,9320,0,116.85049174113271
Qwen2.5-3B-Instruct,0.5,0.2718884120171674,0.24997317596566523,0.2939914163090129,932,932,9320,0,116.85049174113271
Qwen2.5-3B-Instruct,0.6,0.3458154506437768,0.3218884120171674,0.3701984978540772,932,932,9320,0,116.85049174113271
Qwen2.5-3B-Instruct,0.7,0.4185622317596566,0.3927038626609442,0.44420600858369097,932,932,9320,0,116.85049174113271
Qwen2.5-3B-Instruct,0.8,0.4997854077253219,0.47317596566523606,0.5257510729613734,932,932,9320,0,116.85049174113271
Qwen2.5-3B-Instruct,0.9,0.584871244635193,0.555793991416309,0.6137339055793991,932,932,9320,0,116.85049174113271
Qwen2.5-3B-Instruct,1.0,0.8628755364806867,0.8433476394849786,0.8798551502145923,932,932,9320,0,116.85049174113271
Llama-3.1-8B-Instruct,0.0,0.1460533694617884,0.12872854077253218,0.1630901287553648,932,932,10999,0,118.2107666309696
Llama-3.1-8B-Instruct,0.1,0.1499481299428208,0.13304721030042918,0.1684549356223176,932,932,13270,0,118.2107666309696
Llama-3.1-8B-Instruct,0.2,0.21105767507339582,0.1888412017167382,0.2317596566523605,932,932,11215,0,118.2107666309696
Llama-3.1-8B-Instruct,0.3,0.27005521279197053,0.24570815450643776,0.2929184549356223,932,932,12174,0,118.2107666309696
Llama-3.1-8B-Instruct,0.4,0.43945733053364194,0.41416309012875535,0.4688841201716738,932,932,10105,0,118.2107666309696
Llama-3.1-8B-Instruct,0.5,0.5725041072119417,0.5439914163090128,0.6008851931330472,932,932,11674,0,118.2107666309696
Llama-3.1-8B-Instruct,0.6,0.6904598875951649,0.6673551502145924,0.7167381974248928,932,932,11386,0,118.2107666309696
Llama-3.1-8B-Instruct,0.7,0.771045201198082,0.745681330472103,0.792945278969957,932,932,10254,0,118.2107666309696
Llama-3.1-8B-Instruct,0.8,0.8437331474979053,0.8240075107296138,0.8637339055793991,932,932,10360,0,118.2107666309696
Llama-3.1-8B-Instruct,0.9,0.8864412376123918,0.8669527896995708,0.9045064377682404,932,932,13335,0,118.2107666309696
Llama-3.1-8B-Instruct,1.0,0.9649989951367944,0.953862660944206,0.9753218884120172,932,932,9559,0,118.2107666309696
Qwen2.5-7B-Instruct,0.0,0.2101931330472103,0.194206008583691,0.22532188841201717,932,932,9320,0,121.5556486583959
Qwen2.5-7B-Instruct,0.1,0.23412017167381977,0.21781115879828325,0.25217274678111584,932,932,9320,0,121.5556486583959
Qwen2.5-7B-Instruct,0.2,0.27736051502145925,0.2553648068669528,0.2982832618025751,932,932,9320,0,121.5556486583959
Qwen2.5-7B-Instruct,0.3,0.32553648068669533,0.30364806866952787,0.3487124463519313,932,932,9320,0,121.5556486583959
Qwen2.5-7B-Instruct,0.4,0.37961373390557945,0.3572961373390558,0.40450643776824036,932,932,9320,0,121.5556486583959
Qwen2.5-7B-Instruct,0.5,0.45933476394849787,0.434549356223176,0.4839324034334764,932,932,9320,0,121.5556486583959
Qwen2.5-7B-Instruct,0.6,0.5357296137339055,0.5118025751072961,0.5611587982832618,932,932,9320,0,121.5556486583959
Qwen2.5-7B-Instruct,0.7,0.6302575107296138,0.6030042918454935,0.6555793991416309,932,932,9320,0,121.5556486583959
Qwen2.5-7B-Instruct,0.8,0.7296137339055794,0.7060085836909872,0.754318669527897,932,932,9320,0,121.5556486583959
Qwen2.5-7B-Instruct,0.9,0.8436695278969958,0.822961373390558,0.8637339055793991,932,932,9320,0,121.5556486583959
Qwen2.5-7B-Instruct,1.0,0.9708154506437767,0.9613733905579399,0.9785675965665236,932,932,9320,0,121.5556486583959
Qwen3-1.7B,0.0,0.6146663425267296,0.5954935622317596,0.6330472103004292,932,932,15343,0,123.38975212194973
Qwen3-1.7B,0.1,0.6158131187249801,0.5954935622317596,0.6351931330472103,932,932,11012,0,123.38975212194973
Qwen3-1.7B,0.2,0.6200588753163859,0.5987124463519313,0.6395118025751073,932,932,10780,0,123.38975212194973
Qwen3-1.7B,0.3,0.6284410813642878,0.6083422746781116,0.6491416309012875,932,932,13022,0,123.38975212194973
Qwen3-1.7B,0.4,0.6675827141267248,0.6448497854077253,0.6888412017167382,932,932,9990,0,123.38975212194973
Qwen3-1.7B,0.5,0.7052298683839845,0.6856223175965666,0.7264216738197424,932,932,10397,0,123.38975212194973
Qwen3-1.7B,0.6,0.6799356223175966,0.6587982832618026,0.7017167381974249,932,932,9320,0,123.38975212194973
Qwen3-1.7B,0.7,0.8087867999244062,0.7907725321888412,0.8283261802575107,932,932,15043,0,123.38975212194973
Qwen3-1.7B,0.8,0.7965665236051502,0.778969957081545,0.8154506437768241,932,932,9320,0,123.38975212194973
Qwen3-1.7B,0.9,0.9207081545064378,0.907725321888412,0.9345493562231759,932,932,9320,0,123.38975212194973
Qwen3-1.7B,1.0,0.9607296137339056,0.9517167381974249,0.971030042918455,932,932,9320,0,123.38975212194973
gemma-3-12b-it,0.0,0.3545064377682403,0.33798283261802575,0.37124463519313305,932,932,9320,0,125.01001572554011
gemma-3-12b-it,0.1,0.35997854077253216,0.34227467811158796,0.37875536480686695,932,932,9320,0,125.01001572554011
gemma-3-12b-it,0.2,0.3984978540772532,0.3798015021459228,0.4184549356223176,932,932,9320,0,125.01001572554011
gemma-3-12b-it,0.3,0.4508583690987125,0.430230686695279,0.4721030042918455,932,932,9320,0,125.01001572554011
gemma-3-12b-it,0.4,0.4952789699570816,0.47317596566523606,0.5171673819742489,932,932,9320,0,125.01001572554011
gemma-3-12b-it,0.5,0.5601931330472103,0.5364538626609442,0.5836909871244635,932,932,9320,0,125.01001572554011
gemma-3-12b-it,0.6,0.6303648068669528,0.6072961373390557,0.6534334763948498,932,932,9320,0,125.01001572554011
gemma-3-12b-it,0.7,0.702038626609442,0.6802575107296137,0.723175965665236,932,932,9320,0,125.01001572554011
gemma-3-12b-it,0.8,0.7684549356223176,0.7478272532188841,0.7886266094420601,932,932,9320,0,125.01001572554011
gemma-3-12b-it,0.9,0.8361587982832619,0.8165236051502146,0.8540772532188842,932,932,9320,0,125.01001572554011
gemma-3-12b-it,1.0,0.9003248014293205,0.8851931330472103,0.9152628755364807,932,932,9413,0,125.01001572554011
Qwen2.5-14B-Instruct,0.0,0.23927038626609443,0.22317596566523606,0.2542918454935622,932,932,9320,0,128.47654705157314
Qwen2.5-14B-Instruct,0.1,0.29678111587982836,0.2757242489270387,0.31759656652360513,932,932,9320,0,128.47654705157314
Qwen2.5-14B-Instruct,0.2,0.36276824034334765,0.3401019313304721,0.3873390557939914,932,932,9320,0,128.47654705157314
Qwen2.5-14B-Instruct,0.3,0.44388412017167383,0.41630901287553645,0.47103004291845496,932,932,9320,0,128.47654705157314
Qwen2.5-14B-Instruct,0.4,0.5582618025751074,0.5321888412017167,0.5847639484978541,932,932,9320,0,128.47654705157314
Qwen2.5-14B-Instruct,0.5,0.6687768240343347,0.6448229613733906,0.6931330472103004,932,932,9320,0,128.47654705157314
Qwen2.5-14B-Instruct,0.6,0.759549356223176,0.7371244635193133,0.7811158798283262,932,932,9320,0,128.47654705157314
Qwen2.5-14B-Instruct,0.7,0.8430257510729614,0.822961373390558,0.8615879828326181,932,932,9320,0,128.47654705157314
Qwen2.5-14B-Instruct,0.8,0.9007510729613734,0.8841201716738197,0.9163090128755365,932,932,9320,0,128.47654705157314
Qwen2.5-14B-Instruct,0.9,0.93637339055794,0.9216738197424893,0.9495976394849786,932,932,9320,0,128.47654705157314
Qwen2.5-14B-Instruct,1.0,0.978755364806867,0.971030042918455,0.9860515021459227,932,932,9320,0,128.47654705157314
gemma-3-27b-it,0.0,0.44023605150214595,0.4238197424892704,0.4570815450643777,932,932,9320,0,129.35136725832345
gemma-3-27b-it,0.1,0.4662244765249057,0.44742489270386265,0.48497854077253216,932,932,9340,0,129.35136725832345
gemma-3-27b-it,0.2,0.505793991416309,0.48605150214592274,0.526824034334764,932,932,9320,0,129.35136725832345
gemma-3-27b-it,0.3,0.5515206560750947,0.5321888412017167,0.5718884120171673,932,932,9440,0,129.35136725832345
gemma-3-27b-it,0.4,0.6079989752137352,0.5869098712446352,0.6298551502145923,932,932,9560,0,129.35136725832345
gemma-3-27b-it,0.5,0.6682770499209396,0.6469688841201717,0.6899141630901288,932,932,9441,0,129.35136725832345
gemma-3-27b-it,0.6,0.7268988164910912,0.7060085836909872,0.746807939914163,932,932,11184,0,129.35136725832345
gemma-3-27b-it,0.7,0.7849236421661314,0.7639216738197425,0.8047210300429185,932,932,9330,0,129.35136725832345
gemma-3-27b-it,0.8,0.8349785407725322,0.8164967811158799,0.8540772532188842,932,932,9320,0,129.35136725832345
gemma-3-27b-it,0.9,0.8748927038626609,0.8572961373390557,0.8927038626609443,932,932,9320,0,129.35136725832345
gemma-3-27b-it,1.0,0.9331545064377683,0.9206008583690987,0.9463519313304721,932,932,9320,0,129.35136725832345
Llama-3.1-70B-Instruct,0.0,0.3779977142018994,0.3594420600858369,0.39809549356223173,932,932,10817,0,133.17620321864766
Llama-3.1-70B-Instruct,0.1,0.4036465554635111,0.38090128755364805,0.42599248927038624,932,932,10561,0,133.17620321864766
Llama-3.1-70B-Instruct,0.2,0.4935168103280299,0.4667381974248927,0.51931330472103,932,932,10432,0,133.17620321864766
Llama-3.1-70B-Instruct,0.3,0.5983477853822551,0.572961373390558,0.6244635193133047,932,932,10241,0,133.17620321864766
Llama-3.1-70B-Instruct,0.4,0.7183737716076456,0.6952789699570815,0.7424892703862661,932,932,10211,0,133.17620321864766
Llama-3.1-70B-Instruct,0.5,0.814919004267387,0.7928916309012876,0.8369098712446352,932,932,9609,0,133.17620321864766
Llama-3.1-70B-Instruct,0.6,0.8837789663715799,0.8658798283261803,0.9002145922746781,932,932,9630,0,133.17620321864766
Llama-3.1-70B-Instruct,0.7,0.9292007207836213,0.9141630901287554,0.9420600858369099,932,932,9789,0,133.17620321864766
Llama-3.1-70B-Instruct,0.8,0.9630217353110961,0.9506437768240343,0.973175965665236,932,932,9630,0,133.17620321864766
Llama-3.1-70B-Instruct,0.9,0.9738532794527344,0.9645922746781116,0.9828326180257511,932,932,9650,0,133.17620321864766
Llama-3.1-70B-Instruct,1.0,0.9854077253218884,0.9785407725321889,0.9914163090128756,932,932,9320,0,133.17620321864766
Qwen2.5-32B-Instruct,0.0,0.27939914163090124,0.26180257510729615,0.296137339055794,932,932,9320,0,133.68860906491793
Qwen2.5-32B-Instruct,0.1,0.34828326180257513,0.3251072961373391,0.37124463519313305,932,932,9320,0,133.68860906491793
Qwen2.5-32B-Instruct,0.2,0.4244635193133047,0.40236051502145925,0.44742489270386265,932,932,9320,0,133.68860906491793
Qwen2.5-32B-Instruct,0.3,0.5225321888412017,0.4967542918454936,0.546137339055794,932,932,9320,0,133.68860906491793
Qwen2.5-32B-Instruct,0.4,0.6158798283261803,0.5901287553648069,0.6394849785407726,932,932,9320,0,133.68860906491793
Qwen2.5-32B-Instruct,0.5,0.7082618025751073,0.6845493562231759,0.7307135193133047,932,932,9320,0,133.68860906491793
Qwen2.5-32B-Instruct,0.6,0.7978540772532189,0.7757510729613734,0.8186963519313305,932,932,9320,0,133.68860906491793
Qwen2.5-32B-Instruct,0.7,0.8655579399141632,0.8476394849785408,0.883074034334764,932,932,9320,0,133.68860906491793
Qwen2.5-32B-Instruct,0.8,0.9157725321888412,0.9012875536480687,0.9302575107296137,932,932,9320,0,133.68860906491793
Qwen2.5-32B-Instruct,0.9,0.9508583690987125,0.9388412017167382,0.9624463519313304,932,932,9320,0,133.68860906491793
Qwen2.5-32B-Instruct,1.0,0.984549356223176,0.9785407725321889,0.990343347639485,932,932,9320,0,133.68860906491793
Qwen3-4B,0.0,0.8223399962074556,0.808986051502146,0.8369098712446352,932,932,12008,0,135.59443474085217
Qwen3-4B,0.1,0.7150214592274677,0.6973980686695279,0.7317596566523605,932,932,9320,0,135.59443474085217
Qwen3-4B,0.2,0.7307939914163091,0.7135193133047211,0.7467811158798283,932,932,9320,0,135.59443474085217
Qwen3-4B,0.3,0.7432403433476394,0.726368025751073,0.7607296137339056,932,932,9320,0,135.59443474085217
Qwen3-4B,0.4,0.7640557939914163,0.7457081545064378,0.7821888412017167,932,932,9320,0,135.59443474085217
Qwen3-4B,0.5,0.8083690987124463,0.7907725321888412,0.8261802575107297,932,932,9320,0,135.59443474085217
Qwen3-4B,0.6,0.9347473813840467,0.9216738197424893,0.9484978540772532,932,932,11442,0,135.59443474085217
Qwen3-4B,0.7,0.9615962613671725,0.9506437768240343,0.9710568669527897,932,932,12218,0,135.59443474085217
Qwen3-4B,0.8,0.9746346934691272,0.9656652360515021,0.9828326180257511,932,932,23518,0,135.59443474085217
Qwen3-4B,0.9,0.9809012875536481,0.9742489270386266,0.9881974248927039,932,932,9320,0,135.59443474085217
Qwen3-4B,1.0,0.96362660944206,0.9538358369098713,0.9721298283261802,932,932,9320,0,135.59443474085217
Qwen3-8B,0.0,0.7290772532188842,0.7134924892703863,0.7446351931330472,932,932,9320,0,139.61794723762128
Qwen3-8B,0.1,0.7224248927038628,0.7049356223175965,0.740343347639485,932,932,9320,0,139.61794723762128
Qwen3-8B,0.2,0.7368025751072962,0.721030042918455,0.7542918454935622,932,932,9320,0,139.61794723762128
Qwen3-8B,0.3,0.8509155986763749,0.8358369098712446,0.8669796137339055,932,932,12230,0,139.61794723762128
Qwen3-8B,0.4,0.8702383529725868,0.851931330472103,0.885219957081545,932,932,13063,0,139.61794723762128
Qwen3-8B,0.5,0.8140557939914164,0.7972103004291845,0.8294259656652361,932,932,9320,0,139.61794723762128
Qwen3-8B,0.6,0.8465665236051502,0.8304721030042919,0.8626609442060086,932,932,9320,0,139.61794723762128
Qwen3-8B,0.7,0.8937370747993066,0.878755364806867,0.907725321888412,932,932,12780,0,139.61794723762128
Qwen3-8B,0.8,0.9532135675099745,0.9420600858369099,0.9635193133047211,932,932,16154,0,139.61794723762128
Qwen3-8B,0.9,0.9232832618025751,0.9109442060085837,0.9356223175965666,932,932,9320,0,139.61794723762128
Qwen3-8B,1.0,0.9833405871420763,0.9763948497854077,0.9892703862660944,932,932,9757,0,139.61794723762128
Qwen3-14B,0.0,0.7856223175965665,0.7703862660944206,0.8015021459227468,932,932,9320,0,147.6630475835144
Qwen3-14B,0.1,0.7912017167381975,0.7757510729613734,0.8047478540772532,932,932,9320,0,147.6630475835144
Qwen3-14B,0.2,0.8919303646156084,0.878755364806867,0.9055793991416309,932,932,9771,0,147.6630475835144
Qwen3-14B,0.3,0.848175965665236,0.8347639484978541,0.8615879828326181,932,932,9320,0,147.6630475835144
Qwen3-14B,0.4,0.9112912456711663,0.898068669527897,0.924892703862661,932,932,14367,0,147.6630475835144
Qwen3-14B,0.5,0.9368363619745845,0.924892703862661,0.9484978540772532,932,932,11872,0,147.6630475835144
Qwen3-14B,0.6,0.9516659917516358,0.9420600858369099,0.9635193133047211,932,932,15966,0,147.6630475835144
Qwen3-14B,0.7,0.9710930815674703,0.9613733905579399,0.9796137339055794,932,932,13334,0,147.6630475835144
Qwen3-14B,0.8,0.9811853249558374,0.9742489270386266,0.9881974248927039,932,932,10881,0,147.6630475835144
Qwen3-14B,0.9,0.9814249431470462,0.9742489270386266,0.9881974248927039,932,932,11741,0,147.6630475835144
Qwen3-14B,1.0,0.9658798283261804,0.9570815450643777,0.9753218884120172,932,932,9320,0,147.6630475835144
Qwen3-32B,0.0,0.8948834024249566,0.8819742489270386,0.9066523605150214,932,932,12995,0,150.7443337157006
Qwen3-32B,0.1,0.890697572979472,0.8776824034334764,0.9023605150214592,932,932,11803,0,150.7443337157006
Qwen3-32B,0.2,0.9005727883858408,0.8873390557939914,0.9141630901287554,932,932,11998,0,150.7443337157006
Qwen3-32B,0.3,0.9081417876812173,0.8937768240343348,0.9216738197424893,932,932,12242,0,150.7443337157006
Qwen3-32B,0.4,0.9308676347813365,0.9195278969957081,0.9420600858369099,932,932,11331,0,150.7443337157006
Qwen3-32B,0.5,0.9472549504168022,0.9355954935622318,0.958181330472103,932,932,11374,0,150.7443337157006
Qwen3-32B,0.6,0.9683755315555997,0.9592274678111588,0.9774678111587983,932,932,11252,0,150.7443337157006
Qwen3-32B,0.7,0.9677458522384047,0.9581545064377682,0.9763948497854077,932,932,10239,0,150.7443337157006
Qwen3-32B,0.8,0.9843238118706834,0.9763948497854077,0.9903701716738197,932,932,9756,0,150.7443337157006
Qwen3-32B,0.9,0.9866177924343725,0.98068669527897,0.9924892703862661,932,932,10325,0,150.7443337157006
Qwen3-32B,1.0,0.9873019148233741,0.98068669527897,0.9924892703862661,932,932,9359,0,150.7443337157006
