model,hint,eci,accuracy,stderr,n_samples,epochs
Llama-3.1-70B-Instruct,0.0,133.17620321864766,0.3783712446351931,0.009959129904372803,932,10
Llama-3.1-70B-Instruct,0.05,133.17620321864766,0.4306645435244161,0.015429029871922078,471,10
Llama-3.1-70B-Instruct,0.1,133.17620321864766,0.4024403866809882,0.011486914066045942,931,10
Llama-3.1-70B-Instruct,0.15,133.17620321864766,0.5472887323943663,0.02921285580454421,142,10
Llama-3.1-70B-Instruct,0.2,133.17620321864766,0.49392918454935625,0.012891845715027059,932,10
Llama-3.1-70B-Instruct,0.25,133.17620321864766,0.5765097087378641,0.015502505784964062,618,10
Llama-3.1-70B-Instruct,0.3,133.17620321864766,0.5975300429184549,0.012749544324132688,932,10
Llama-3.1-70B-Instruct,0.35,133.17620321864766,0.6917679083094556,0.014427203270850477,698,10
Llama-3.1-70B-Instruct,0.4,133.17620321864766,0.7162328326180257,0.012420943013030065,932,10
Llama-3.1-70B-Instruct,0.45,133.17620321864766,0.7858228004956629,0.012620787062599831,807,10
Llama-3.1-70B-Instruct,0.5,133.17620321864766,0.8138122317596567,0.010537511586063458,932,10
Llama-3.1-70B-Instruct,0.55,133.17620321864766,0.8750216802168023,0.01473300718534435,369,10
Llama-3.1-70B-Instruct,0.6,133.17620321864766,0.8823036480686696,0.008875197087902506,932,10
Llama-3.1-70B-Instruct,0.65,133.17620321864766,0.9303096085409253,0.009601032389830299,562,10
Llama-3.1-70B-Instruct,0.7,133.17620321864766,0.9290321888412016,0.007208019706219418,932,10
Llama-3.1-70B-Instruct,0.75,133.17620321864766,0.954285505124451,0.007194114586975148,683,10
Llama-3.1-70B-Instruct,0.8,133.17620321864766,0.9620751072961373,0.005376412768133395,932,10
Llama-3.1-70B-Instruct,0.85,133.17620321864766,0.9743597883597883,0.0058394622274474785,567,10
Llama-3.1-70B-Instruct,0.9,133.17620321864766,0.9732381974248927,0.004666658717579624,932,10
Llama-3.1-70B-Instruct,0.95,133.17620321864766,0.9780375536480688,0.003894279123235083,932,10
Llama-3.1-70B-Instruct,1.0,133.17620321864766,0.9851791845493563,0.00310863242050216,932,10
Llama-3.1-8B-Instruct,0.0,118.2107666309696,0.14667060085836908,0.008355000161243352,932,10
Llama-3.1-8B-Instruct,0.1,118.2107666309696,0.15027575107296137,0.009221087161641748,932,10
Llama-3.1-8B-Instruct,0.15,118.2107666309696,0.13638461538461535,0.09267462327313002,13,10
Llama-3.1-8B-Instruct,0.2,118.2107666309696,0.21249463519313305,0.010734064259388982,932,10
Llama-3.1-8B-Instruct,0.25,118.2107666309696,0.21338461538461542,0.10271244400678116,13,10
Llama-3.1-8B-Instruct,0.3,118.2107666309696,0.26995922746781115,0.01238922419238101,932,10
Llama-3.1-8B-Instruct,0.35,118.2107666309696,0.3683846153846154,0.11717783480852598,13,10
Llama-3.1-8B-Instruct,0.4,118.2107666309696,0.4373454935622318,0.014103168696258958,932,10
Llama-3.1-8B-Instruct,0.45,118.2107666309696,0.5265496894409937,0.023626907721681866,322,10
Llama-3.1-8B-Instruct,0.5,118.2107666309696,0.5669549356223176,0.014240279157370453,932,10
Llama-3.1-8B-Instruct,0.55,118.2107666309696,0.6682533333333334,0.03476227584929132,150,10
Llama-3.1-8B-Instruct,0.6,118.2107666309696,0.6862993562231761,0.013878449026184299,932,10
Llama-3.1-8B-Instruct,0.65,118.2107666309696,0.7488333333333332,0.02390047575352102,252,10
Llama-3.1-8B-Instruct,0.7,118.2107666309696,0.766618025751073,0.012334849814975558,932,10
Llama-3.1-8B-Instruct,0.75,118.2107666309696,0.8585499999999999,0.05004395567898285,40,10
Llama-3.1-8B-Instruct,0.8,118.2107666309696,0.8391673819742489,0.010542640437871158,932,10
Llama-3.1-8B-Instruct,0.85,118.2107666309696,0.8863676470588236,0.023943827537856798,136,10
Llama-3.1-8B-Instruct,0.9,118.2107666309696,0.8825847639484977,0.009477428332706105,932,10
Llama-3.1-8B-Instruct,0.95,118.2107666309696,0.9254920634920634,0.01716380913105681,189,10
Llama-3.1-8B-Instruct,1.0,118.2107666309696,0.963148068669528,0.005163640850546102,932,10
Qwen2.5-1.5B-Instruct,0.0,111.83791177826475,0.02472854077253219,0.0042071567967192644,932,10
Qwen2.5-1.5B-Instruct,0.05,111.83791177826475,0.027342274678111587,0.004788787923570488,932,10
Qwen2.5-1.5B-Instruct,0.1,111.83791177826475,0.033902360515021455,0.005223965749233494,932,10
Qwen2.5-1.5B-Instruct,0.15,111.83791177826475,0.0427950643776824,0.006043523394265835,932,10
Qwen2.5-1.5B-Instruct,0.2,111.83791177826475,0.05440557939914163,0.006695275874875482,932,10
Qwen2.5-1.5B-Instruct,0.25,111.83791177826475,0.06377145922746781,0.007122215035720916,932,10
Qwen2.5-1.5B-Instruct,0.3,111.83791177826475,0.07777038626609444,0.008181404418155938,932,10
Qwen2.5-1.5B-Instruct,0.35,111.83791177826475,0.09287339055793992,0.008808394430779876,932,10
Qwen2.5-1.5B-Instruct,0.4,111.83791177826475,0.1225236051502146,0.009726567125731195,932,10
Qwen2.5-1.5B-Instruct,0.45,111.83791177826475,0.14098497854077252,0.009963507758684912,932,10
Qwen2.5-1.5B-Instruct,0.5,111.83791177826475,0.18201502145922746,0.01155898434088384,932,10
Qwen2.5-1.5B-Instruct,0.55,111.83791177826475,0.2190225321888412,0.012342804011783112,932,10
Qwen2.5-1.5B-Instruct,0.6,111.83791177826475,0.27025214592274677,0.013125496396970816,932,10
Qwen2.5-1.5B-Instruct,0.65,111.83791177826475,0.3090160944206009,0.013492931502407185,932,10
Qwen2.5-1.5B-Instruct,0.7,111.83791177826475,0.3631673819742489,0.01429646911251452,932,10
Qwen2.5-1.5B-Instruct,0.75,111.83791177826475,0.43061051502145925,0.014134398326007365,932,10
Qwen2.5-1.5B-Instruct,0.8,111.83791177826475,0.4753122317596567,0.014546084707898154,932,10
Qwen2.5-1.5B-Instruct,0.85,111.83791177826475,0.5396062231759656,0.014157701171088891,932,10
Qwen2.5-1.5B-Instruct,0.9,111.83791177826475,0.6114527896995707,0.013588712636871987,932,10
Qwen2.5-1.5B-Instruct,0.95,111.83791177826475,0.7075547210300429,0.013068498584123399,932,10
Qwen2.5-1.5B-Instruct,1.0,111.83791177826475,0.8085504291845493,0.011482754165853934,932,10
Qwen2.5-14B-Instruct,0.0,128.47654705157314,0.23307188841201715,0.008326848826637813,932,10
Qwen2.5-14B-Instruct,0.05,128.47654705157314,0.24127253218884118,0.008963180747396608,932,10
Qwen2.5-14B-Instruct,0.1,128.47654705157314,0.288494635193133,0.01085378106050265,932,10
Qwen2.5-14B-Instruct,0.15,128.47654705157314,0.3105375536480686,0.011106148438476229,932,10
Qwen2.5-14B-Instruct,0.2,128.47654705157314,0.35158798283261805,0.011681075755569172,932,10
Qwen2.5-14B-Instruct,0.25,128.47654705157314,0.40534227467811157,0.012186600574976622,932,10
Qwen2.5-14B-Instruct,0.3,128.47654705157314,0.43091309012875534,0.012677377083965071,932,10
Qwen2.5-14B-Instruct,0.35,128.47654705157314,0.49150858369098716,0.013224900914553039,932,10
Qwen2.5-14B-Instruct,0.4,128.47654705157314,0.5395568669527897,0.013979962489353931,932,10
Qwen2.5-14B-Instruct,0.45,128.47654705157314,0.6010396995708154,0.013026141672771333,932,10
Qwen2.5-14B-Instruct,0.5,128.47654705157314,0.650618025751073,0.013468406095558817,932,10
Qwen2.5-14B-Instruct,0.55,128.47654705157314,0.6896834763948497,0.0124597925338192,932,10
Qwen2.5-14B-Instruct,0.6,128.47654705157314,0.7405836909871244,0.012328780196109617,932,10
Qwen2.5-14B-Instruct,0.65,128.47654705157314,0.7870997854077252,0.011446746540571626,932,10
Qwen2.5-14B-Instruct,0.7,128.47654705157314,0.8238605150214593,0.010844543055984163,932,10
Qwen2.5-14B-Instruct,0.75,128.47654705157314,0.8519699570815451,0.010061420541614406,932,10
Qwen2.5-14B-Instruct,0.8,128.47654705157314,0.8805525751072961,0.008950155708862234,932,10
Qwen2.5-14B-Instruct,0.85,128.47654705157314,0.9007650214592274,0.008335178799075338,932,10
Qwen2.5-14B-Instruct,0.9,128.47654705157314,0.9157575107296138,0.008120822399953298,932,10
Qwen2.5-14B-Instruct,0.95,128.47654705157314,0.9381373390557939,0.006556458105063819,932,10
Qwen2.5-14B-Instruct,1.0,128.47654705157314,0.9677596566523605,0.005048815837596988,932,10
Qwen2.5-32B-Instruct,0.0,133.68860906491793,0.27550214592274674,0.008766309535553823,932,10
Qwen2.5-32B-Instruct,0.05,133.68860906491793,0.29789377682403434,0.009541470378023999,932,10
Qwen2.5-32B-Instruct,0.1,133.68860906491793,0.34483369098712446,0.011138288710163837,932,10
Qwen2.5-32B-Instruct,0.15,133.68860906491793,0.3784302575107296,0.011358054635388965,932,10
Qwen2.5-32B-Instruct,0.2,133.68860906491793,0.4162575107296137,0.011726525177199451,932,10
Qwen2.5-32B-Instruct,0.25,133.68860906491793,0.4671448497854077,0.012029967077876205,932,10
Qwen2.5-32B-Instruct,0.3,133.68860906491793,0.5159216738197425,0.012504078383834225,932,10
Qwen2.5-32B-Instruct,0.35,133.68860906491793,0.56987339055794,0.012813832655308142,932,10
Qwen2.5-32B-Instruct,0.4,133.68860906491793,0.6063079399141631,0.012719583010303959,932,10
Qwen2.5-32B-Instruct,0.45,133.68860906491793,0.6577285407725323,0.012611244519148752,932,10
Qwen2.5-32B-Instruct,0.5,133.68860906491793,0.6995954935622317,0.012217938458637032,932,10
Qwen2.5-32B-Instruct,0.55,133.68860906491793,0.7474420600858368,0.011832411760069371,932,10
Qwen2.5-32B-Instruct,0.6,133.68860906491793,0.7870064377682403,0.011581220209185386,932,10
Qwen2.5-32B-Instruct,0.65,133.68860906491793,0.8289635193133047,0.01062129682527617,932,10
Qwen2.5-32B-Instruct,0.7,133.68860906491793,0.8565686695278969,0.009737756455683994,932,10
Qwen2.5-32B-Instruct,0.75,133.68860906491793,0.8804742489270386,0.009099673758837107,932,10
Qwen2.5-32B-Instruct,0.8,133.68860906491793,0.9059796137339056,0.008221984127769418,932,10
Qwen2.5-32B-Instruct,0.85,133.68860906491793,0.91918669527897,0.008000067635422981,932,10
Qwen2.5-32B-Instruct,0.9,133.68860906491793,0.9424527896995708,0.0063308398089178914,932,10
Qwen2.5-32B-Instruct,0.95,133.68860906491793,0.9504785407725322,0.006096676047013588,932,10
Qwen2.5-32B-Instruct,1.0,133.68860906491793,0.9834678111587984,0.00345079057189945,932,10
Qwen2.5-3B-Instruct,0.0,116.85049174113271,0.10425858369098712,0.007031658643398108,932,10
Qwen2.5-3B-Instruct,0.05,116.85049174113271,0.10964270386266094,0.007795788463751176,932,10
Qwen2.5-3B-Instruct,0.1,116.85049174113271,0.11597746781115881,0.008242600658164645,932,10
Qwen2.5-3B-Instruct,0.15,116.85049174113271,0.1301469957081545,0.008825900795301067,932,10
Qwen2.5-3B-Instruct,0.2,116.85049174113271,0.1473959227467811,0.00924528366694809,932,10
Qwen2.5-3B-Instruct,0.25,116.85049174113271,0.1626394849785408,0.009435571317020473,932,10
Qwen2.5-3B-Instruct,0.3,116.85049174113271,0.18083798283261804,0.010225064002890815,932,10
Qwen2.5-3B-Instruct,0.35,116.85049174113271,0.1977961373390558,0.010286128977217875,932,10
Qwen2.5-3B-Instruct,0.4,116.85049174113271,0.21878326180257512,0.010920151761352267,932,10
Qwen2.5-3B-Instruct,0.45,116.85049174113271,0.2500429184549356,0.012009807678896277,932,10
Qwen2.5-3B-Instruct,0.5,116.85049174113271,0.26511051502145927,0.012011902538846092,932,10
Qwen2.5-3B-Instruct,0.55,116.85049174113271,0.30406866952789696,0.01195638829794987,932,10
Qwen2.5-3B-Instruct,0.6,116.85049174113271,0.3395751072961373,0.012974305716136884,932,10
Qwen2.5-3B-Instruct,0.65,116.85049174113271,0.37719313304721025,0.012895016737045224,932,10
Qwen2.5-3B-Instruct,0.7,116.85049174113271,0.40949356223175964,0.01385575373702704,932,10
Qwen2.5-3B-Instruct,0.75,116.85049174113271,0.44975536480686695,0.013494016116818898,932,10
Qwen2.5-3B-Instruct,0.8,116.85049174113271,0.4913412017167382,0.013202531375380204,932,10
Qwen2.5-3B-Instruct,0.85,116.85049174113271,0.5206899141630902,0.014128701871453656,932,10
Qwen2.5-3B-Instruct,0.9,116.85049174113271,0.5768766094420601,0.013399298647671063,932,10
Qwen2.5-3B-Instruct,0.95,116.85049174113271,0.6379849785407725,0.013906655464908742,932,10
Qwen2.5-3B-Instruct,1.0,116.85049174113271,0.8544409871244635,0.010162143937130462,932,10
Qwen2.5-7B-Instruct,0.0,121.5556486583959,0.20998283261802572,0.008092745561009947,932,10
Qwen2.5-7B-Instruct,0.05,121.5556486583959,0.21963304721030044,0.00888855060477232,932,10
Qwen2.5-7B-Instruct,0.1,121.5556486583959,0.23263090128755362,0.00904759407448854,932,10
Qwen2.5-7B-Instruct,0.15,121.5556486583959,0.25675643776824036,0.009996683343135302,932,10
Qwen2.5-7B-Instruct,0.2,121.5556486583959,0.2763293991416309,0.010315086975556954,932,10
Qwen2.5-7B-Instruct,0.25,121.5556486583959,0.2941351931330472,0.01116230775945337,932,10
Qwen2.5-7B-Instruct,0.3,121.5556486583959,0.32397210300429186,0.011148612675553478,932,10
Qwen2.5-7B-Instruct,0.35,121.5556486583959,0.34740343347639485,0.011643564049064482,932,10
Qwen2.5-7B-Instruct,0.4,121.5556486583959,0.3770139484978541,0.012213056582288126,932,10
Qwen2.5-7B-Instruct,0.45,121.5556486583959,0.42131223175965665,0.012715630379018766,932,10
Qwen2.5-7B-Instruct,0.5,121.5556486583959,0.45507403433476395,0.013588807311995322,932,10
Qwen2.5-7B-Instruct,0.55,121.5556486583959,0.4966030042918455,0.01248469950868263,932,10
Qwen2.5-7B-Instruct,0.6,121.5556486583959,0.5323240343347638,0.012715299594602873,932,10
Qwen2.5-7B-Instruct,0.65,121.5556486583959,0.5788454935622317,0.012955569572885385,932,10
Qwen2.5-7B-Instruct,0.7,121.5556486583959,0.6257746781115879,0.013015455590026625,932,10
Qwen2.5-7B-Instruct,0.75,121.5556486583959,0.6778068669527897,0.012437623845117452,932,10
Qwen2.5-7B-Instruct,0.8,121.5556486583959,0.7260933476394851,0.01179350212132639,932,10
Qwen2.5-7B-Instruct,0.85,121.5556486583959,0.7766781115879828,0.011375288528978102,932,10
Qwen2.5-7B-Instruct,0.9,121.5556486583959,0.8383701716738198,0.01020558754595599,932,10
Qwen2.5-7B-Instruct,0.95,121.5556486583959,0.8914710300429185,0.008944585900407287,932,10
Qwen2.5-7B-Instruct,1.0,121.5556486583959,0.9662811158798283,0.004859049130435749,932,10
Qwen3-0.6B,0.0,111.74174185357096,0.24981974248927036,0.009383706730159582,932,10
Qwen3-0.6B,0.05,111.74174185357096,0.40547887323943665,0.04116070131414295,71,10
Qwen3-0.6B,0.1,111.74174185357096,0.2574570815450644,0.009661270950825848,932,10
Qwen3-0.6B,0.15,111.74174185357096,0.44221212121212117,0.048383900592524474,66,10
Qwen3-0.6B,0.2,111.74174185357096,0.2994216738197425,0.01113779794923189,932,10
Qwen3-0.6B,0.25,111.74174185357096,0.3315162241887906,0.019151460268084362,339,10
Qwen3-0.6B,0.3,111.74174185357096,0.332368025751073,0.011569126637032457,932,10
Qwen3-0.6B,0.35,111.74174185357096,0.33589270386266096,0.01214245768677981,932,10
Qwen3-0.6B,0.4,111.74174185357096,0.28563197424892706,0.011550433869098759,932,10
Qwen3-0.6B,0.45,111.74174185357096,0.3981898954703833,0.01587434793118014,574,10
Qwen3-0.6B,0.5,111.74174185357096,0.41762339055793996,0.012383032985953802,932,10
Qwen3-0.6B,0.55,111.74174185357096,0.4282156652360515,0.013295268300259757,932,10
Qwen3-0.6B,0.6,111.74174185357096,0.4878519313304721,0.012915991345375948,932,10
Qwen3-0.6B,0.65,111.74174185357096,0.49136695278969955,0.013453065253904746,932,10
Qwen3-0.6B,0.7,111.74174185357096,0.47787017167381973,0.012765191281268897,932,10
Qwen3-0.6B,0.75,111.74174185357096,0.5116469957081544,0.012971564959359699,932,10
Qwen3-0.6B,0.8,111.74174185357096,0.550975321888412,0.013079127113607269,932,10
Qwen3-0.6B,0.85,111.74174185357096,0.6868948497854077,0.012202708328580749,932,10
Qwen3-0.6B,0.9,111.74174185357096,0.6364892703862661,0.012492917185082447,932,10
Qwen3-0.6B,0.95,111.74174185357096,0.7440300429184549,0.012442184443622285,932,10
Qwen3-0.6B,1.0,111.74174185357096,0.737755364806867,0.011554964882327361,932,10
Qwen3-1.7B,0.0,123.38975212194973,0.6102135193133047,0.009528237666936732,932,10
Qwen3-1.7B,0.05,123.38975212194973,0.6437839116719242,0.012185164705974296,634,10
Qwen3-1.7B,0.1,123.38975212194973,0.5995171673819744,0.00966270077627794,932,10
Qwen3-1.7B,0.15,123.38975212194973,0.7521023622047246,0.02682222065495401,127,10
Qwen3-1.7B,0.2,123.38975212194973,0.602950643776824,0.010211385284785003,932,10
Qwen3-1.7B,0.25,123.38975212194973,0.7046962962962962,0.01933396337840991,270,10
Qwen3-1.7B,0.3,123.38975212194973,0.6183444206008585,0.011010109940714911,932,10
Qwen3-1.7B,0.35,123.38975212194973,0.5743615879828325,0.010157038816484417,932,10
Qwen3-1.7B,0.4,123.38975212194973,0.6575042918454935,0.010917009674030762,932,10
Qwen3-1.7B,0.45,123.38975212194973,0.8221680672268911,0.025576822667767108,119,10
Qwen3-1.7B,0.5,123.38975212194973,0.6964839055793991,0.010909008398883048,932,10
Qwen3-1.7B,0.55,123.38975212194973,0.8072485549132948,0.023185088549543046,173,10
Qwen3-1.7B,0.6,123.38975212194973,0.6720622317596567,0.010930256826107139,932,10
Qwen3-1.7B,0.65,123.38975212194973,0.7030407725321889,0.010948267991456304,932,10
Qwen3-1.7B,0.7,123.38975212194973,0.8025751072961372,0.010454300459222247,932,10
Qwen3-1.7B,0.75,123.38975212194973,0.765527896995708,0.010793970938299162,932,10
Qwen3-1.7B,0.8,123.38975212194973,0.788263948497854,0.010145231697997114,932,10
Qwen3-1.7B,0.85,123.38975212194973,0.812645922746781,0.010254671029341734,932,10
Qwen3-1.7B,0.9,123.38975212194973,0.9161963519313304,0.007505360972121966,932,10
Qwen3-1.7B,0.95,123.38975212194973,0.9334517167381973,0.006796214837797429,932,10
Qwen3-1.7B,1.0,123.38975212194973,0.956494635193133,0.005303489824584883,932,10
Qwen3-14B,0.0,147.6630475835144,0.7020289699570814,0.010592923249928337,932,10
Qwen3-14B,0.05,147.6630475835144,0.6436663090128756,0.011588995693693838,932,10
Qwen3-14B,0.1,147.6630475835144,0.6413347639484979,0.012372032068861607,932,10
Qwen3-14B,0.15,147.6630475835144,0.720756289308176,0.014515244258007699,636,10
Qwen3-14B,0.2,147.6630475835144,0.7377542918454936,0.011823841112509543,932,10
Qwen3-14B,0.25,147.6630475835144,0.7066373626373624,0.02385238632732084,273,10
Qwen3-14B,0.3,147.6630475835144,0.6706877682403434,0.012242035016567543,932,10
Qwen3-14B,0.35,147.6630475835144,0.7296593625498008,0.0164907852114124,502,10
Qwen3-14B,0.4,147.6630475835144,0.7287778969957082,0.012021772521594342,932,10
Qwen3-14B,0.45,147.6630475835144,0.6936959247648904,0.02180463831259943,319,10
Qwen3-14B,0.5,147.6630475835144,0.7241201716738197,0.012083260156203918,932,10
Qwen3-14B,0.55,147.6630475835144,0.6991479028697573,0.018299435724514052,453,10
Qwen3-14B,0.6,147.6630475835144,0.7360997854077254,0.012959178208147943,932,10
Qwen3-14B,0.65,147.6630475835144,0.7183895071542131,0.015232923380013369,629,10
Qwen3-14B,0.7,147.6630475835144,0.7308369098712446,0.012618974592802822,932,10
Qwen3-14B,0.75,147.6630475835144,0.6928616071428572,0.017674342815879016,448,10
Qwen3-14B,0.8,147.6630475835144,0.7205826180257511,0.012285904885268283,932,10
Qwen3-14B,0.85,147.6630475835144,0.7166287553648069,0.012341928943343907,932,10
Qwen3-14B,0.9,147.6630475835144,0.7070761802575107,0.012271647137337215,932,10
Qwen3-14B,0.95,147.6630475835144,0.7089350180505414,0.015694579954755386,554,10
Qwen3-14B,1.0,147.6630475835144,0.7154828326180257,0.012146998504052117,932,10
Qwen3-32B,0.0,150.7443337157006,0.8645933476394849,0.008024818560844868,932,10
Qwen3-32B,0.05,150.7443337157006,0.8351370558375634,0.02179404603741172,197,10
Qwen3-32B,0.1,150.7443337157006,0.8223004291845494,0.009540584291494398,932,10
Qwen3-32B,0.15,150.7443337157006,0.839327868852459,0.012852385831173365,488,10
Qwen3-32B,0.2,150.7443337157006,0.828022532188841,0.009963352636616468,932,10
Qwen3-32B,0.25,150.7443337157006,0.8419026548672566,0.02022230395522282,226,10
Qwen3-32B,0.3,150.7443337157006,0.8402017167381973,0.009248614355966403,932,10
Qwen3-32B,0.35,150.7443337157006,0.8584421252371915,0.012593360364992326,527,10
Qwen3-32B,0.4,150.7443337157006,0.8573251072961374,0.009678817611258364,932,10
Qwen3-32B,0.45,150.7443337157006,0.875444262295082,0.010957708518399297,610,10
Qwen3-32B,0.5,150.7443337157006,0.8728508583690988,0.009250644053103869,932,10
Qwen3-32B,0.55,150.7443337157006,0.8811418234442838,0.011180406761270311,691,10
Qwen3-32B,0.6,150.7443337157006,0.8895912017167382,0.008479192168945375,932,10
Qwen3-32B,0.65,150.7443337157006,0.8908658536585367,0.009087935468996129,820,10
Qwen3-32B,0.7,150.7443337157006,0.8965064377682403,0.008247581540282444,932,10
Qwen3-32B,0.75,150.7443337157006,0.8946453558504223,0.00923283921960732,829,10
Qwen3-32B,0.8,150.7443337157006,0.8994066523605151,0.008621829903404264,932,10
Qwen3-32B,0.85,150.7443337157006,0.9013095238095239,0.008318084603188333,882,10
Qwen3-32B,0.9,150.7443337157006,0.9047532188841201,0.00841841281569755,932,10
Qwen3-32B,0.95,150.7443337157006,0.8949295774647887,0.00934597366992339,781,10
Qwen3-32B,1.0,150.7443337157006,0.9163068669527897,0.007778488663518492,932,10
Qwen3-4B,0.0,135.59443474085217,0.8222349785407725,0.007503880307345494,932,10
Qwen3-4B,0.05,135.59443474085217,0.8745814977973568,0.014500754660852886,227,10
Qwen3-4B,0.1,135.59443474085217,0.6945386266094421,0.009181433980881898,932,10
Qwen3-4B,0.15,135.59443474085217,0.9428536585365855,0.030162666272145987,41,10
Qwen3-4B,0.2,135.59443474085217,0.7089656652360515,0.009349826533306061,932,10
Qwen3-4B,0.25,135.59443474085217,0.8727967289719626,0.010802064423814019,428,10
Qwen3-4B,0.3,135.59443474085217,0.7226963519313304,0.009546413625324733,932,10
Qwen3-4B,0.35,135.59443474085217,0.8988,0.009909187655908034,500,10
Qwen3-4B,0.4,135.59443474085217,0.7434356223175966,0.010058065820939648,932,10
Qwen3-4B,0.45,135.59443474085217,0.9179005235602095,0.015220426583334987,191,10
Qwen3-4B,0.5,135.59443474085217,0.7892564377682403,0.009709229246396542,932,10
Qwen3-4B,0.55,135.59443474085217,0.9216765432098766,0.007616457125424083,810,10
Qwen3-4B,0.6,135.59443474085217,0.9171791845493562,0.007217392457252265,932,10
Qwen3-4B,0.65,135.59443474085217,0.9498822695035462,0.007063788629576183,705,10
Qwen3-4B,0.7,135.59443474085217,0.9444087982832619,0.006284227595132464,932,10
Qwen3-4B,0.75,135.59443474085217,0.9494817596566525,0.006178255722394313,932,10
Qwen3-4B,0.8,135.59443474085217,0.9492789699570815,0.006212253252945683,932,10
Qwen3-4B,0.85,135.59443474085217,0.9524978540772533,0.005983432953667293,932,10
Qwen3-4B,0.9,135.59443474085217,0.9615826180257511,0.0052615574117247784,932,10
Qwen3-4B,0.95,135.59443474085217,0.953667381974249,0.006133630966611095,932,10
Qwen3-4B,1.0,135.59443474085217,0.9448894849785409,0.006360881262153126,932,10
Qwen3-8B,0.0,139.61794723762128,0.7147607296137339,0.008747652853555351,932,10
Qwen3-8B,0.05,139.61794723762128,0.6922424892703861,0.009015372380492426,932,10
Qwen3-8B,0.1,139.61794723762128,0.6938240343347639,0.009386374027728775,932,10
Qwen3-8B,0.15,139.61794723762128,0.9448399999999999,0.022373520062788494,50,10
Qwen3-8B,0.2,139.61794723762128,0.7059420600858369,0.00940346163485519,932,10
Qwen3-8B,0.25,139.61794723762128,0.7146158798283261,0.009078642889191219,932,10
Qwen3-8B,0.3,139.61794723762128,0.8334506437768241,0.009094752762164345,932,10
Qwen3-8B,0.35,139.61794723762128,0.9545833333333332,0.019028791538282398,72,10
Qwen3-8B,0.4,139.61794723762128,0.8590364806866954,0.008325040572856338,932,10
Qwen3-8B,0.45,139.61794723762128,0.7723916309012876,0.008774557077876383,932,10
Qwen3-8B,0.5,139.61794723762128,0.7944173819742489,0.008463848962296724,932,10
Qwen3-8B,0.55,139.61794723762128,0.944578125,0.011710059277443905,256,10
Qwen3-8B,0.6,139.61794723762128,0.8278154506437768,0.008423766647748823,932,10
Qwen3-8B,0.65,139.61794723762128,0.9718763440860216,0.01086984428854474,186,10
Qwen3-8B,0.7,139.61794723762128,0.8582950643776823,0.008231805458773346,932,10
Qwen3-8B,0.75,139.61794723762128,0.956667731629393,0.009789103491795625,313,10
Qwen3-8B,0.8,139.61794723762128,0.9483787553648069,0.006523100327062125,932,10
Qwen3-8B,0.85,139.61794723762128,0.8946738197424893,0.0077489136674542295,932,10
Qwen3-8B,0.9,139.61794723762128,0.9020901287553648,0.00754441373710086,932,10
Qwen3-8B,0.95,139.61794723762128,0.9182188841201717,0.006910037851535539,932,10
Qwen3-8B,1.0,139.61794723762128,0.9689549356223177,0.004911496830899129,932,10
gemma-3-12b-it,0.0,125.01001572554011,0.3545450643776824,0.00864928691405513,932,10
gemma-3-12b-it,0.1,125.01001572554011,0.35974463519313304,0.009873371435375727,932,10
gemma-3-12b-it,0.2,125.01001572554011,0.39847103004291845,0.010251267190922835,932,10
gemma-3-12b-it,0.3,125.01001572554011,0.4504667381974249,0.010838385092722577,932,10
gemma-3-12b-it,0.4,125.01001572554011,0.4939570815450644,0.011414341209606178,932,10
gemma-3-12b-it,0.5,125.01001572554011,0.5593991416309013,0.011745688110586818,932,10
gemma-3-12b-it,0.6,125.01001572554011,0.62943669527897,0.011826437786852733,932,10
gemma-3-12b-it,0.7,125.01001572554011,0.701324034334764,0.01128141427221601,932,10
gemma-3-12b-it,0.8,125.01001572554011,0.7672768240343348,0.010340564466256936,932,10
gemma-3-12b-it,0.9,125.01001572554011,0.8357360515021459,0.009996819982871302,932,10
gemma-3-12b-it,1.0,125.01001572554011,0.89981330472103,0.008041494679793551,932,10
gemma-3-27b-it,0.0,129.35136725832345,0.44056223175965664,0.008124888611747575,932,10
gemma-3-27b-it,0.1,129.35136725832345,0.4661148068669528,0.009631191936641569,932,10
gemma-3-27b-it,0.2,129.35136725832345,0.5058272532188841,0.010288532505297546,932,10
gemma-3-27b-it,0.3,129.35136725832345,0.5515708154506438,0.011140827391223771,932,10
gemma-3-27b-it,0.4,129.35136725832345,0.6076512875536481,0.010752092279897865,932,10
gemma-3-27b-it,0.5,129.35136725832345,0.6676394849785408,0.011409187329818998,932,10
gemma-3-27b-it,0.6,129.35136725832345,0.7246609442060086,0.01067165375428873,932,10
gemma-3-27b-it,0.7,129.35136725832345,0.784087982832618,0.010315010021561814,932,10
gemma-3-27b-it,0.8,129.35136725832345,0.8342607296137339,0.009131086563786512,932,10
gemma-3-27b-it,0.9,129.35136725832345,0.8748079399141632,0.008902990923783636,932,10
gemma-3-27b-it,1.0,129.35136725832345,0.9328165236051502,0.006544077090807841,932,10
gemma-3-4b-it,0.0,114.391591602579,0.1991952789699571,0.0074454165099954416,932,10
gemma-3-4b-it,0.1,114.391591602579,0.19198283261802573,0.008111958117676519,932,10
gemma-3-4b-it,0.2,114.391591602579,0.21815450643776824,0.008839769249344754,932,10
gemma-3-4b-it,0.3,114.391591602579,0.25043776824034336,0.010338445582093818,932,10
gemma-3-4b-it,0.4,114.391591602579,0.2862231759656652,0.010374842971616515,932,10
gemma-3-4b-it,0.5,114.391591602579,0.32749892703862665,0.011167386871025834,932,10
gemma-3-4b-it,0.6,114.391591602579,0.3827103004291845,0.011553627143512353,932,10
gemma-3-4b-it,0.7,114.391591602579,0.44551072961373395,0.012147010066740497,932,10
gemma-3-4b-it,0.8,114.391591602579,0.5135675965665236,0.01283088533632342,932,10
gemma-3-4b-it,0.9,114.391591602579,0.6031641630901288,0.012789987565887896,932,10
gemma-3-4b-it,1.0,114.391591602579,0.7275547210300429,0.011779456435033095,932,10
